{"loss": 2.1264665126800537, "_timestamp": 1708958801.4346068, "_runtime": 1.455033779144287, "_step": 0, "_wandb": {"runtime": 0}}