{"loss": 2.0350680351257324, "_timestamp": 1708958879.1389594, "_runtime": 2.164302349090576, "_step": 3, "_wandb": {"runtime": 7}}