{"loss": 1.4189553260803223, "_timestamp": 1708940709.163277, "_runtime": 1.3388428688049316, "_step": 39, "_wandb": {"runtime": 0}}