{"loss": 1.2121962308883667, "_timestamp": 1708959061.1102822, "_runtime": 2.023085117340088, "_step": 3, "_wandb": {"runtime": 0}}