{"loss": 1.6164476871490479, "_timestamp": 1708959119.7235765, "_runtime": 1.8021035194396973, "_step": 3, "_wandb": {"runtime": 6}}