{"loss": 1.3570294380187988, "_timestamp": 1708958784.1441388, "_runtime": 1.67555570602417, "_step": 0, "_wandb": {"runtime": 0}}