{"loss": 0.8587980270385742, "weight_norm": 0.5155561566352844, "_timestamp": 1708941031.9236007, "_runtime": 1.8012146949768066, "_step": 399, "_wandb": {"runtime": 0}}