{"loss": 0.5155370235443115, "_timestamp": 1708958950.1921477, "_runtime": 1.5299296379089355, "_step": 3, "_wandb": {"runtime": 5}}