{"loss": 0.7520420551300049, "_timestamp": 1708940778.0651343, "_runtime": 1.7373921871185303, "_step": 399, "_wandb": {"runtime": 0}}