{"loss": 1.0180211067199707, "_timestamp": 1708940818.259312, "_runtime": 1.8881828784942627, "_step": 399, "_wandb": {"runtime": 0}}