{"loss": 1.1666865348815918, "_timestamp": 1708940739.997247, "_runtime": 2.4813220500946045, "_step": 399, "_wandb": {"runtime": 0}}