{"loss": 0.8221623301506042, "_timestamp": 1708958839.996674, "_runtime": 1.5155620574951172, "_step": 0, "_wandb": {"runtime": 0}}